path,status
src/Armada.Core/ArmadaMetrics.cs,equal_normalized_text
src/Armada.Core/Authorization/AuthorizationConfig.cs,diverged
src/Armada.Core/Client/ArmadaApiClient.cs,diverged
src/Armada.Core/Constants.cs,diverged
src/Armada.Core/Enums/AgentRuntimeEnum.cs,diverged
src/Armada.Core/Enums/AskResponseKindEnum.cs,equal_normalized_text
src/Armada.Core/Enums/BranchCleanupPolicyEnum.cs,equal_normalized_text
src/Armada.Core/Enums/CaptainStateEnum.cs,diverged
src/Armada.Core/Enums/CaptainTierEnum.cs,equal_normalized_text
src/Armada.Core/Enums/ChangeSubstanceEnum.cs,fork_only
src/Armada.Core/Enums/CheckRunSourceEnum.cs,equal_normalized_text
src/Armada.Core/Enums/CheckRunStatusEnum.cs,equal_normalized_text
src/Armada.Core/Enums/CheckRunTypeEnum.cs,equal_normalized_text
src/Armada.Core/Enums/CoordinationAuthorTypeEnum.cs,fork_only
src/Armada.Core/Enums/CoordinationClaimStatusEnum.cs,fork_only
src/Armada.Core/Enums/CoordinationClaimSubjectEnum.cs,fork_only
src/Armada.Core/Enums/DatabaseTypeEnum.cs,equal_normalized_text
src/Armada.Core/Enums/DefinitionOfDoneFailureClassEnum.cs,fork_only
src/Armada.Core/Enums/DefinitionOfDoneOutcomeEnum.cs,upstream_only
src/Armada.Core/Enums/DeleteMultipleStatusEnum.cs,equal_normalized_text
src/Armada.Core/Enums/DeploymentModeEnum.cs,upstream_only
src/Armada.Core/Enums/DeploymentStatusEnum.cs,equal_normalized_text
src/Armada.Core/Enums/DeploymentVerificationStatusEnum.cs,equal_normalized_text
src/Armada.Core/Enums/DispatchValidationErrorEnum.cs,upstream_only
src/Armada.Core/Enums/DockStateEnum.cs,equal_normalized_text
src/Armada.Core/Enums/EndpointHealthStatusEnum.cs,upstream_only
src/Armada.Core/Enums/EnumerationOrderEnum.cs,equal_normalized_text
src/Armada.Core/Enums/EnvironmentKindEnum.cs,equal_normalized_text
src/Armada.Core/Enums/EscalationActionEnum.cs,equal_normalized_text
src/Armada.Core/Enums/EscalationTriggerEnum.cs,diverged
src/Armada.Core/Enums/GitHubObjectiveSourceTypeEnum.cs,equal_normalized_text
src/Armada.Core/Enums/HarborConnectionStatusEnum.cs,upstream_only
src/Armada.Core/Enums/InboxSeverityEnum.cs,equal_normalized_text
src/Armada.Core/Enums/IncidentSeverityEnum.cs,equal_normalized_text
src/Armada.Core/Enums/IncidentStatusEnum.cs,equal_normalized_text
src/Armada.Core/Enums/JobKindEnum.cs,equal_normalized_text
src/Armada.Core/Enums/JobStatusEnum.cs,equal_normalized_text
src/Armada.Core/Enums/LandingJobStateEnum.cs,fork_only
src/Armada.Core/Enums/LandingModeEnum.cs,equal_normalized_text
src/Armada.Core/Enums/LeadOperatingModeEnum.cs,fork_only
src/Armada.Core/Enums/LeadRunnerTypeEnum.cs,fork_only
src/Armada.Core/Enums/MemorySourceKindEnum.cs,upstream_only
src/Armada.Core/Enums/MemoryTypeEnum.cs,upstream_only
src/Armada.Core/Enums/MergeFailureClassEnum.cs,fork_only
src/Armada.Core/Enums/MergeStatusEnum.cs,diverged
src/Armada.Core/Enums/MissionAssignmentStateEnum.cs,fork_only
src/Armada.Core/Enums/MissionFailureKindEnum.cs,upstream_only
src/Armada.Core/Enums/MissionModeEnum.cs,diverged
src/Armada.Core/Enums/MissionModes.cs,fork_only
src/Armada.Core/Enums/MissionStatusEnum.cs,diverged
src/Armada.Core/Enums/ModelEndpointKindEnum.cs,upstream_only
src/Armada.Core/Enums/ModelProviderEnum.cs,upstream_only
src/Armada.Core/Enums/ObjectiveBacklogStateEnum.cs,equal_normalized_text
src/Armada.Core/Enums/ObjectiveDependencyTerminalReasonEnum.cs,fork_only
src/Armada.Core/Enums/ObjectiveEffortEnum.cs,equal_normalized_text
src/Armada.Core/Enums/ObjectiveKindEnum.cs,equal_normalized_text
src/Armada.Core/Enums/ObjectivePreparationClaimKindEnum.cs,fork_only
src/Armada.Core/Enums/ObjectivePreparationClaimStateEnum.cs,fork_only
src/Armada.Core/Enums/ObjectivePreparationDependencyEnum.cs,fork_only
src/Armada.Core/Enums/ObjectivePriorityEnum.cs,equal_normalized_text
src/Armada.Core/Enums/ObjectiveRefinementSessionStatusEnum.cs,equal_normalized_text
src/Armada.Core/Enums/ObjectiveStatusEnum.cs,equal_normalized_text
src/Armada.Core/Enums/PapercutCategoryEnum.cs,equal_normalized_text
src/Armada.Core/Enums/PapercutSeverityEnum.cs,equal_normalized_text
src/Armada.Core/Enums/PlanningSessionStatusEnum.cs,equal_normalized_text
src/Armada.Core/Enums/PlaybookDeliveryModeEnum.cs,equal_normalized_text
src/Armada.Core/Enums/ProjectProfileResolutionModeEnum.cs,equal_normalized_text
src/Armada.Core/Enums/ProjectProfileScopeEnum.cs,equal_normalized_text
src/Armada.Core/Enums/ReadinessSeverityEnum.cs,equal_normalized_text
src/Armada.Core/Enums/ReasoningEffortEnum.cs,equal_normalized_text
src/Armada.Core/Enums/ReleaseStatusEnum.cs,equal_normalized_text
src/Armada.Core/Enums/RemoteTunnelStateEnum.cs,equal_normalized_text
src/Armada.Core/Enums/ReviewDenyActionEnum.cs,equal_normalized_text
src/Armada.Core/Enums/RunbookExecutionStatusEnum.cs,equal_normalized_text
src/Armada.Core/Enums/RuntimeFailureKindEnum.cs,equal_normalized_text
src/Armada.Core/Enums/ScopeEnum.cs,upstream_only
src/Armada.Core/Enums/ServerRebuildStatusEnum.cs,upstream_only
src/Armada.Core/Enums/SiblingBranchStrategyEnum.cs,fork_only
src/Armada.Core/Enums/SignalTypeEnum.cs,diverged
src/Armada.Core/Enums/TestOwnershipEnum.cs,fork_only
src/Armada.Core/Enums/VoyageStatusEnum.cs,equal_normalized_text
src/Armada.Core/Enums/WorkflowInputReferenceProviderEnum.cs,equal_normalized_text
src/Armada.Core/Enums/WorkflowProfileResolutionModeEnum.cs,equal_normalized_text
src/Armada.Core/Enums/WorkflowProfileScopeEnum.cs,equal_normalized_text
src/Armada.Core/Harbor/HarborDeferredLaunchAck.cs,upstream_only
src/Armada.Core/Harbor/HarborDeferredLaunchRequest.cs,upstream_only
src/Armada.Core/Harbor/HarborError.cs,upstream_only
src/Armada.Core/Harbor/HarborExited.cs,upstream_only
src/Armada.Core/Harbor/HarborGitRequest.cs,upstream_only
src/Armada.Core/Harbor/HarborGitResult.cs,upstream_only
src/Armada.Core/Harbor/HarborHandshake.cs,upstream_only
src/Armada.Core/Harbor/HarborHandshakeAck.cs,upstream_only
src/Armada.Core/Harbor/HarborHeartbeat.cs,upstream_only
src/Armada.Core/Harbor/HarborInferenceEndpoint.cs,upstream_only
src/Armada.Core/Harbor/HarborKillRequest.cs,upstream_only
src/Armada.Core/Harbor/HarborLaunchRequest.cs,upstream_only
src/Armada.Core/Harbor/HarborMessage.cs,upstream_only
src/Armada.Core/Harbor/HarborOutput.cs,upstream_only
src/Armada.Core/Harbor/HarborOutputStreamEnum.cs,upstream_only
src/Armada.Core/Harbor/HarborProtocol.cs,upstream_only
src/Armada.Core/Harbor/HarborStarted.cs,upstream_only
src/Armada.Core/Harbor/HarborStdinRequest.cs,upstream_only
src/Armada.Core/Json/JsonDefaults.cs,fork_only
src/Armada.Core/Memory/CandidateDiffResult.cs,fork_only
src/Armada.Core/Memory/HabitPatternMiner.cs,fork_only
src/Armada.Core/Memory/LearnedFactsFile.cs,fork_only
src/Armada.Core/Memory/LearnedFactsPruneOptions.cs,fork_only
src/Armada.Core/Memory/LearnedFactsPruneResult.cs,fork_only
src/Armada.Core/Memory/MemoryAnchor.cs,fork_only
src/Armada.Core/Memory/MemoryAnchorExtractor.cs,fork_only
src/Armada.Core/Memory/PackCurateCandidate.cs,fork_only
src/Armada.Core/Memory/PackUsageMiner.cs,fork_only
src/Armada.Core/Memory/ReflectionAcceptProposalResult.cs,fork_only
src/Armada.Core/Memory/ReflectionDispatcher.cs,fork_only
src/Armada.Core/Memory/ReflectionMode.cs,fork_only
src/Armada.Core/Memory/ReflectionOutputParseError.cs,fork_only
src/Armada.Core/Memory/ReflectionOutputParseResult.cs,fork_only
src/Armada.Core/Memory/ReflectionOutputParseVerdict.cs,fork_only
src/Armada.Core/Memory/ReflectionOutputParser.cs,fork_only
src/Armada.Core/Memory/StaleAnchorDetectionResult.cs,fork_only
src/Armada.Core/Memory/StaleAnchorDetector.cs,fork_only
src/Armada.Core/Memory/StaleAnchorWarning.cs,fork_only
src/Armada.Core/Models/ActiveMissionSummary.cs,fork_only
src/Armada.Core/Models/AgentRuntime.cs,equal_normalized_text
src/Armada.Core/Models/AgentWakeProcessRequest.cs,fork_only
src/Armada.Core/Models/AgentWakeSessionRegistration.cs,fork_only
src/Armada.Core/Models/AgentWakeStatusSnapshot.cs,fork_only
src/Armada.Core/Models/ArchitectOutputTypes.cs,fork_only
src/Armada.Core/Models/ArmadaErrorResponse.cs,equal_normalized_text
src/Armada.Core/Models/ArmadaEvent.cs,equal_normalized_text
src/Armada.Core/Models/ArmadaStatus.cs,diverged
src/Armada.Core/Models/AskLink.cs,equal_normalized_text
src/Armada.Core/Models/AskRequest.cs,equal_normalized_text
src/Armada.Core/Models/AskResponse.cs,equal_normalized_text
src/Armada.Core/Models/AuditTypes.cs,fork_only
src/Armada.Core/Models/AuthContext.cs,equal_normalized_text
src/Armada.Core/Models/AuthenticateRequest.cs,equal_normalized_text
src/Armada.Core/Models/AuthenticateResult.cs,equal_normalized_text
src/Armada.Core/Models/AutoLandPredicate.cs,fork_only
src/Armada.Core/Models/BranchActionRequest.cs,upstream_only
src/Armada.Core/Models/BranchCleanupSweepResult.cs,fork_only
src/Armada.Core/Models/BranchInfo.cs,upstream_only
src/Armada.Core/Models/BranchListResponse.cs,upstream_only
src/Armada.Core/Models/BranchMergeRequest.cs,upstream_only
src/Armada.Core/Models/BranchMergeResponse.cs,upstream_only
src/Armada.Core/Models/BranchPushResponse.cs,upstream_only
src/Armada.Core/Models/BuildDriftReport.cs,fork_only
src/Armada.Core/Models/CancelMergeResponse.cs,equal_normalized_text
src/Armada.Core/Models/CancelVoyageResponse.cs,equal_normalized_text
src/Armada.Core/Models/Captain.cs,diverged
src/Armada.Core/Models/CaptainAssignmentOverride.cs,equal_normalized_text
src/Armada.Core/Models/CaptainChatMessage.cs,equal_normalized_text
src/Armada.Core/Models/CaptainChatMetrics.cs,equal_normalized_text
src/Armada.Core/Models/CaptainChatRequest.cs,equal_normalized_text
src/Armada.Core/Models/CaptainChatResponse.cs,equal_normalized_text
src/Armada.Core/Models/CaptainHealthDecision.cs,fork_only
src/Armada.Core/Models/CaptainLogResponse.cs,equal_normalized_text
src/Armada.Core/Models/CaptainOptions.cs,fork_only
src/Armada.Core/Models/CaptainToolAccessResult.cs,equal_normalized_text
src/Armada.Core/Models/CaptainToolServerSummary.cs,equal_normalized_text
src/Armada.Core/Models/CaptainToolSummary.cs,equal_normalized_text
src/Armada.Core/Models/CheckRun.cs,diverged
src/Armada.Core/Models/CheckRunArtifact.cs,equal_normalized_text
src/Armada.Core/Models/CheckRunCoverageMetric.cs,equal_normalized_text
src/Armada.Core/Models/CheckRunCoverageSummary.cs,equal_normalized_text
src/Armada.Core/Models/CheckRunImportRequest.cs,equal_normalized_text
src/Armada.Core/Models/CheckRunQuery.cs,equal_normalized_text
src/Armada.Core/Models/CheckRunRequest.cs,equal_normalized_text
src/Armada.Core/Models/CheckRunSummaryView.cs,fork_only
src/Armada.Core/Models/CheckRunTestSummary.cs,equal_normalized_text
src/Armada.Core/Models/ClaudeCodeSettings.cs,equal_normalized_text
src/Armada.Core/Models/CodeGraphAffectedTestCandidate.cs,fork_only
src/Armada.Core/Models/CodeGraphAffectedTestsRequest.cs,fork_only
src/Armada.Core/Models/CodeGraphAffectedTestsResponse.cs,fork_only
src/Armada.Core/Models/CodeGraphEdgeKindEnum.cs,fork_only
src/Armada.Core/Models/CodeGraphEdgeRecord.cs,fork_only
src/Armada.Core/Models/CodeGraphExploreModels.cs,fork_only
src/Armada.Core/Models/CodeGraphImpactRequest.cs,fork_only
src/Armada.Core/Models/CodeGraphImpactResponse.cs,fork_only
src/Armada.Core/Models/CodeGraphImpactResult.cs,fork_only
src/Armada.Core/Models/CodeGraphNeighborResult.cs,fork_only
src/Armada.Core/Models/CodeGraphNeighborsRequest.cs,fork_only
src/Armada.Core/Models/CodeGraphNeighborsResponse.cs,fork_only
src/Armada.Core/Models/CodeGraphSymbolKindEnum.cs,fork_only
src/Armada.Core/Models/CodeGraphSymbolRecord.cs,fork_only
src/Armada.Core/Models/CodeGraphSymbolSearchRequest.cs,fork_only
src/Armada.Core/Models/CodeGraphSymbolSearchResponse.cs,fork_only
src/Armada.Core/Models/CodeGraphSymbolSearchResult.cs,fork_only
src/Armada.Core/Models/CodeGraphTraversalDirectionEnum.cs,fork_only
src/Armada.Core/Models/CodeIndexRecord.cs,fork_only
src/Armada.Core/Models/CodeIndexStaleVessel.cs,fork_only
src/Armada.Core/Models/CodeIndexStalenessSummary.cs,fork_only
src/Armada.Core/Models/CodeIndexStatus.cs,fork_only
src/Armada.Core/Models/CodeSearchRequest.cs,fork_only
src/Armada.Core/Models/CodeSearchResponse.cs,fork_only
src/Armada.Core/Models/CodeSearchResult.cs,fork_only
src/Armada.Core/Models/ConsumerDeclaration.cs,fork_only
src/Armada.Core/Models/ContextPackRequest.cs,fork_only
src/Armada.Core/Models/ContextPackResponse.cs,fork_only
src/Armada.Core/Models/ContextPackUsageSummary.cs,fork_only
src/Armada.Core/Models/CoordinationClaim.cs,fork_only
src/Armada.Core/Models/CoordinationLease.cs,equal_normalized_text
src/Armada.Core/Models/CoordinationMessage.cs,fork_only
src/Armada.Core/Models/CoordinationMessagePostRequest.cs,fork_only
src/Armada.Core/Models/CoordinationParticipant.cs,fork_only
src/Armada.Core/Models/CoordinationPresenceRequest.cs,fork_only
src/Armada.Core/Models/CoordinationRoom.cs,fork_only
src/Armada.Core/Models/CoordinationRoomCreateRequest.cs,fork_only
src/Armada.Core/Models/Credential.cs,equal_normalized_text
src/Armada.Core/Models/DeferredFact.cs,fork_only
src/Armada.Core/Models/DefinitionOfDoneResult.cs,fork_only
src/Armada.Core/Models/DeleteCaptainResponse.cs,equal_normalized_text
src/Armada.Core/Models/DeleteFleetResponse.cs,equal_normalized_text
src/Armada.Core/Models/DeleteMissionResponse.cs,equal_normalized_text
src/Armada.Core/Models/DeleteMultipleRequest.cs,equal_normalized_text
src/Armada.Core/Models/DeleteMultipleResult.cs,equal_normalized_text
src/Armada.Core/Models/DeleteMultipleSkipped.cs,equal_normalized_text
src/Armada.Core/Models/DeleteVesselResponse.cs,equal_normalized_text
src/Armada.Core/Models/Deployment.cs,equal_normalized_text
src/Armada.Core/Models/DeploymentEnvironment.cs,equal_normalized_text
src/Armada.Core/Models/DeploymentEnvironmentQuery.cs,equal_normalized_text
src/Armada.Core/Models/DeploymentEnvironmentUpsertRequest.cs,equal_normalized_text
src/Armada.Core/Models/DeploymentQuery.cs,equal_normalized_text
src/Armada.Core/Models/DeploymentUpsertRequest.cs,equal_normalized_text
src/Armada.Core/Models/DeploymentVerificationDefinition.cs,equal_normalized_text
src/Armada.Core/Models/DiagnosticCheck.cs,equal_normalized_text
src/Armada.Core/Models/DiskLifecycleAction.cs,fork_only
src/Armada.Core/Models/DiskLifecycleCategory.cs,fork_only
src/Armada.Core/Models/DiskLifecycleReport.cs,fork_only
src/Armada.Core/Models/Dock.cs,diverged
src/Armada.Core/Models/DockBoundaryFinding.cs,fork_only
src/Armada.Core/Models/DockBoundaryScanResult.cs,fork_only
src/Armada.Core/Models/EnumerationQuery.cs,diverged
src/Armada.Core/Models/EnumerationResult.cs,equal_normalized_text
src/Armada.Core/Models/EnumerationScope.cs,upstream_only
src/Armada.Core/Models/FileSignatureRecord.cs,fork_only
src/Armada.Core/Models/Fleet.cs,diverged
src/Armada.Core/Models/FleetCodeSearchRequest.cs,fork_only
src/Armada.Core/Models/FleetCodeSearchResponse.cs,fork_only
src/Armada.Core/Models/FleetContextPackRequest.cs,fork_only
src/Armada.Core/Models/FleetContextPackResponse.cs,fork_only
src/Armada.Core/Models/FleetDetailResponse.cs,equal_normalized_text
src/Armada.Core/Models/FleetReconciliationSnapshot.cs,fork_only
src/Armada.Core/Models/GitAnchorCommit.cs,fork_only
src/Armada.Core/Models/GitAnchorFileHistory.cs,fork_only
src/Armada.Core/Models/GitAnchorPriorArt.cs,fork_only
src/Armada.Core/Models/GitAnchors.cs,fork_only
src/Armada.Core/Models/GitAnchorsSnapshot.cs,upstream_only
src/Armada.Core/Models/GitHubActionsSyncRequest.cs,equal_normalized_text
src/Armada.Core/Models/GitHubActionsSyncResult.cs,equal_normalized_text
src/Armada.Core/Models/GitHubObjectiveImportRequest.cs,equal_normalized_text
src/Armada.Core/Models/GitHubPullRequestDetail.cs,equal_normalized_text
src/Armada.Core/Models/Harbor.cs,upstream_only
src/Armada.Core/Models/HarborCapability.cs,upstream_only
src/Armada.Core/Models/HarborProbeRequest.cs,upstream_only
src/Armada.Core/Models/HealthPorts.cs,equal_normalized_text
src/Armada.Core/Models/HealthResponse.cs,equal_normalized_text
src/Armada.Core/Models/HistoricalTimelineEntry.cs,equal_normalized_text
src/Armada.Core/Models/HistoricalTimelineQuery.cs,equal_normalized_text
src/Armada.Core/Models/InboxItem.cs,equal_normalized_text
src/Armada.Core/Models/Incident.cs,diverged
src/Armada.Core/Models/IncidentQuery.cs,diverged
src/Armada.Core/Models/IncidentUpsertRequest.cs,diverged
src/Armada.Core/Models/Job.cs,equal_normalized_text
src/Armada.Core/Models/JudgeFollowUp.cs,fork_only
src/Armada.Core/Models/LandingJob.cs,fork_only
src/Armada.Core/Models/LandingPreviewIssue.cs,equal_normalized_text
src/Armada.Core/Models/LandingPreviewResult.cs,equal_normalized_text
src/Armada.Core/Models/LeadCycleEventPayload.cs,fork_only
src/Armada.Core/Models/LeadCycleStartResult.cs,fork_only
src/Armada.Core/Models/LeadCycleStatus.cs,fork_only
src/Armada.Core/Models/LeadModeEventPayload.cs,fork_only
src/Armada.Core/Models/McpServerEntry.cs,equal_normalized_text
src/Armada.Core/Models/Memory.cs,upstream_only
src/Armada.Core/Models/MergeEntry.cs,diverged
src/Armada.Core/Models/MergeFailureClassification.cs,fork_only
src/Armada.Core/Models/MergeFailureContext.cs,fork_only
src/Armada.Core/Models/MergeQueuePurgeResult.cs,equal_normalized_text
src/Armada.Core/Models/MergeQueuePurgeSkipped.cs,equal_normalized_text
src/Armada.Core/Models/Mission.cs,diverged
src/Armada.Core/Models/MissionCreateResponse.cs,equal_normalized_text
src/Armada.Core/Models/MissionDescription.cs,diverged
src/Armada.Core/Models/MissionDiffResponse.cs,equal_normalized_text
src/Armada.Core/Models/MissionHistoryBucket.cs,equal_normalized_text
src/Armada.Core/Models/MissionHistoryPoint.cs,equal_normalized_text
src/Armada.Core/Models/MissionHistoryQuery.cs,equal_normalized_text
src/Armada.Core/Models/MissionHistorySummaryResult.cs,equal_normalized_text
src/Armada.Core/Models/MissionLogResponse.cs,equal_normalized_text
src/Armada.Core/Models/MissionOutputArtifactPage.cs,fork_only
src/Armada.Core/Models/MissionPlaybookSnapshot.cs,equal_normalized_text
src/Armada.Core/Models/MissionReviewDecisionRequest.cs,diverged
src/Armada.Core/Models/MissionSummary.cs,diverged
src/Armada.Core/Models/ModelEndpoint.cs,upstream_only
src/Armada.Core/Models/ModelEndpointHealthRecord.cs,upstream_only
src/Armada.Core/Models/ModelEndpointHealthSweepResponse.cs,upstream_only
src/Armada.Core/Models/ModelEndpointProbeResult.cs,upstream_only
src/Armada.Core/Models/MuxCaptainOptions.cs,equal_normalized_text
src/Armada.Core/Models/MuxEndpointInfo.cs,diverged
src/Armada.Core/Models/MuxEndpointListResult.cs,diverged
src/Armada.Core/Models/MuxEndpointShowResult.cs,diverged
src/Armada.Core/Models/MuxProbeResult.cs,diverged
src/Armada.Core/Models/Objective.cs,diverged
src/Armada.Core/Models/ObjectiveDependencyAnalysis.cs,fork_only
src/Armada.Core/Models/ObjectiveDependencyChain.cs,fork_only
src/Armada.Core/Models/ObjectiveDependencyEdge.cs,fork_only
src/Armada.Core/Models/ObjectiveDependencyNode.cs,fork_only
src/Armada.Core/Models/ObjectiveDispatchCheck.cs,fork_only
src/Armada.Core/Models/ObjectiveDispatchMissionRef.cs,fork_only
src/Armada.Core/Models/ObjectiveDispatchPreview.cs,fork_only
src/Armada.Core/Models/ObjectiveDispatchPreviewIssue.cs,fork_only
src/Armada.Core/Models/ObjectiveDispatchRole.cs,fork_only
src/Armada.Core/Models/ObjectivePreparation.cs,fork_only
src/Armada.Core/Models/ObjectivePreparationAnchor.cs,fork_only
src/Armada.Core/Models/ObjectivePreparationClaim.cs,fork_only
src/Armada.Core/Models/ObjectivePreparationSiblingInput.cs,fork_only
src/Armada.Core/Models/ObjectiveQuery.cs,equal_normalized_text
src/Armada.Core/Models/ObjectiveRefinementApplyRequest.cs,equal_normalized_text
src/Armada.Core/Models/ObjectiveRefinementApplyResponse.cs,equal_normalized_text
src/Armada.Core/Models/ObjectiveRefinementMessage.cs,equal_normalized_text
src/Armada.Core/Models/ObjectiveRefinementMessageRequest.cs,equal_normalized_text
src/Armada.Core/Models/ObjectiveRefinementSession.cs,equal_normalized_text
src/Armada.Core/Models/ObjectiveRefinementSessionCreateRequest.cs,equal_normalized_text
src/Armada.Core/Models/ObjectiveRefinementSessionDetail.cs,equal_normalized_text
src/Armada.Core/Models/ObjectiveRefinementSummaryRequest.cs,equal_normalized_text
src/Armada.Core/Models/ObjectiveRefinementSummaryResponse.cs,diverged
src/Armada.Core/Models/ObjectiveReorderItem.cs,equal_normalized_text
src/Armada.Core/Models/ObjectiveReorderRequest.cs,equal_normalized_text
src/Armada.Core/Models/ObjectiveSchedulerStatus.cs,fork_only
src/Armada.Core/Models/ObjectiveUpsertRequest.cs,diverged
src/Armada.Core/Models/OnboardingRequest.cs,equal_normalized_text
src/Armada.Core/Models/OnboardingResult.cs,equal_normalized_text
src/Armada.Core/Models/Papercut.cs,equal_normalized_text
src/Armada.Core/Models/PapercutGroup.cs,equal_normalized_text
src/Armada.Core/Models/PapercutPayload.cs,equal_normalized_text
src/Armada.Core/Models/Persona.cs,diverged
src/Armada.Core/Models/PersonaOverride.cs,equal_normalized_text
src/Armada.Core/Models/PersonaPromptPreview.cs,equal_normalized_text
src/Armada.Core/Models/Pipeline.cs,diverged
src/Armada.Core/Models/PipelineStage.cs,diverged
src/Armada.Core/Models/PlanningSession.cs,diverged
src/Armada.Core/Models/PlanningSessionCreateRequest.cs,equal_normalized_text
src/Armada.Core/Models/PlanningSessionDispatchRequest.cs,equal_normalized_text
src/Armada.Core/Models/PlanningSessionMessage.cs,diverged
src/Armada.Core/Models/PlanningSessionMessageRequest.cs,diverged
src/Armada.Core/Models/PlanningSessionSummaryRequest.cs,equal_normalized_text
src/Armada.Core/Models/PlanningSessionSummaryResponse.cs,equal_normalized_text
src/Armada.Core/Models/Playbook.cs,diverged
src/Armada.Core/Models/PlaybookMerge.cs,fork_only
src/Armada.Core/Models/PrestagedFile.cs,fork_only
src/Armada.Core/Models/ProcessMergeQueueResponse.cs,equal_normalized_text
src/Armada.Core/Models/ProductionSummary.cs,fork_only
src/Armada.Core/Models/ProjectProfile.cs,diverged
src/Armada.Core/Models/ProjectProfileQuery.cs,equal_normalized_text
src/Armada.Core/Models/ProjectProfileResolutionResult.cs,equal_normalized_text
src/Armada.Core/Models/ProjectProfileValidationResult.cs,equal_normalized_text
src/Armada.Core/Models/PromptBudgetSummary.cs,fork_only
src/Armada.Core/Models/PromptTemplate.cs,diverged
src/Armada.Core/Models/PurgeMergeEntriesRequest.cs,equal_normalized_text
src/Armada.Core/Models/PurgeVoyageResponse.cs,equal_normalized_text
src/Armada.Core/Models/ReadContextRequest.cs,fork_only
src/Armada.Core/Models/RecoveryAction.cs,fork_only
src/Armada.Core/Models/Release.cs,equal_normalized_text
src/Armada.Core/Models/ReleaseArtifact.cs,equal_normalized_text
src/Armada.Core/Models/ReleaseQuery.cs,equal_normalized_text
src/Armada.Core/Models/ReleaseUpsertRequest.cs,equal_normalized_text
src/Armada.Core/Models/ReleaseWebhookTypes.cs,fork_only
src/Armada.Core/Models/RemoteTriggerTypes.cs,fork_only
src/Armada.Core/Models/RemoteTunnelCapabilityManifest.cs,equal_normalized_text
src/Armada.Core/Models/RemoteTunnelEnvelope.cs,equal_normalized_text
src/Armada.Core/Models/RemoteTunnelHandshakePayload.cs,equal_normalized_text
src/Armada.Core/Models/RemoteTunnelHandshakeResponse.cs,equal_normalized_text
src/Armada.Core/Models/RemoteTunnelHttpRelayRequest.cs,equal_normalized_text
src/Armada.Core/Models/RemoteTunnelHttpRelayResponse.cs,equal_normalized_text
src/Armada.Core/Models/RemoteTunnelQueryRequest.cs,equal_normalized_text
src/Armada.Core/Models/RemoteTunnelRequestResult.cs,equal_normalized_text
src/Armada.Core/Models/RemoteTunnelStatus.cs,equal_normalized_text
src/Armada.Core/Models/RemoteTunnelWebSocketCloseRequest.cs,equal_normalized_text
src/Armada.Core/Models/RemoteTunnelWebSocketMessage.cs,equal_normalized_text
src/Armada.Core/Models/RemoteTunnelWebSocketOpenRequest.cs,equal_normalized_text
src/Armada.Core/Models/RequestHistoryCaptureInput.cs,equal_normalized_text
src/Armada.Core/Models/RequestHistoryDetail.cs,equal_normalized_text
src/Armada.Core/Models/RequestHistoryEntry.cs,equal_normalized_text
src/Armada.Core/Models/RequestHistoryQuery.cs,equal_normalized_text
src/Armada.Core/Models/RequestHistoryRecord.cs,equal_normalized_text
src/Armada.Core/Models/RequestHistorySummaryBucket.cs,equal_normalized_text
src/Armada.Core/Models/RequestHistorySummaryResult.cs,equal_normalized_text
src/Armada.Core/Models/ResourcePressureDecision.cs,fork_only
src/Armada.Core/Models/ResourcePressureSnapshot.cs,fork_only
src/Armada.Core/Models/Runbook.cs,diverged
src/Armada.Core/Models/RunbookExecution.cs,equal_normalized_text
src/Armada.Core/Models/RunbookExecutionQuery.cs,equal_normalized_text
src/Armada.Core/Models/RunbookExecutionStartRequest.cs,equal_normalized_text
src/Armada.Core/Models/RunbookExecutionUpdateRequest.cs,equal_normalized_text
src/Armada.Core/Models/RunbookParameter.cs,equal_normalized_text
src/Armada.Core/Models/RunbookQuery.cs,equal_normalized_text
src/Armada.Core/Models/RunbookStep.cs,equal_normalized_text
src/Armada.Core/Models/RunbookUpsertRequest.cs,diverged
src/Armada.Core/Models/RuntimeTokenUsage.cs,fork_only
src/Armada.Core/Models/SafetyNetEnqueueResult.cs,fork_only
src/Armada.Core/Models/ScopedVisibility.cs,upstream_only
src/Armada.Core/Models/SelectedPlaybook.cs,diverged
src/Armada.Core/Models/SelfDeployBuildResult.cs,fork_only
src/Armada.Core/Models/ServerRebuildStatus.cs,upstream_only
src/Armada.Core/Models/SiblingRepo.cs,fork_only
src/Armada.Core/Models/Signal.cs,equal_normalized_text
src/Armada.Core/Models/Skill.cs,diverged
src/Armada.Core/Models/SkillQuery.cs,equal_normalized_text
src/Armada.Core/Models/StopCaptainResponse.cs,equal_normalized_text
src/Armada.Core/Models/StopServerResponse.cs,equal_normalized_text
src/Armada.Core/Models/TenantListEntry.cs,equal_normalized_text
src/Armada.Core/Models/TenantLookupRequest.cs,equal_normalized_text
src/Armada.Core/Models/TenantLookupResult.cs,equal_normalized_text
src/Armada.Core/Models/TenantMetadata.cs,equal_normalized_text
src/Armada.Core/Models/TestResult.cs,equal_normalized_text
src/Armada.Core/Models/TokenUsageBucket.cs,equal_normalized_text
src/Armada.Core/Models/TokenUsageModelBreakdown.cs,diverged
src/Armada.Core/Models/TokenUsageQuery.cs,equal_normalized_text
src/Armada.Core/Models/TokenUsageRecord.cs,equal_normalized_text
src/Armada.Core/Models/TokenUsageSummary.cs,fork_only
src/Armada.Core/Models/TokenUsageSummaryResult.cs,equal_normalized_text
src/Armada.Core/Models/UnlandedBranchEntry.cs,fork_only
src/Armada.Core/Models/UnlandedBranchReport.cs,fork_only
src/Armada.Core/Models/UserMaster.cs,equal_normalized_text
src/Armada.Core/Models/Vessel.cs,diverged
src/Armada.Core/Models/VesselDeploymentMetadata.cs,equal_normalized_text
src/Armada.Core/Models/VesselPackHint.cs,fork_only
src/Armada.Core/Models/VesselReadinessIssue.cs,equal_normalized_text
src/Armada.Core/Models/VesselReadinessResult.cs,equal_normalized_text
src/Armada.Core/Models/VesselSetupChecklistItem.cs,equal_normalized_text
src/Armada.Core/Models/VesselToolchainProbe.cs,equal_normalized_text
src/Armada.Core/Models/Voyage.cs,diverged
src/Armada.Core/Models/VoyageDetailResponse.cs,equal_normalized_text
src/Armada.Core/Models/VoyageDispatchRequest.cs,equal_normalized_text
src/Armada.Core/Models/VoyageMailboxSignalPayload.cs,fork_only
src/Armada.Core/Models/VoyageProgress.cs,equal_normalized_text
src/Armada.Core/Models/WhoAmIResult.cs,equal_normalized_text
src/Armada.Core/Models/WorkflowEnvironmentProfile.cs,equal_normalized_text
src/Armada.Core/Models/WorkflowInputReference.cs,equal_normalized_text
src/Armada.Core/Models/WorkflowProfile.cs,diverged
src/Armada.Core/Models/WorkflowProfileCommandPreview.cs,equal_normalized_text
src/Armada.Core/Models/WorkflowProfileQuery.cs,equal_normalized_text
src/Armada.Core/Models/WorkflowProfileResolutionPreviewResult.cs,equal_normalized_text
src/Armada.Core/Models/WorkflowProfileResolutionResult.cs,equal_normalized_text
src/Armada.Core/Models/WorkflowProfileValidationResult.cs,equal_normalized_text
src/Armada.Core/Models/WorkspaceActiveMission.cs,equal_normalized_text
src/Armada.Core/Models/WorkspaceChangeEntry.cs,equal_normalized_text
src/Armada.Core/Models/WorkspaceChangesResult.cs,equal_normalized_text
src/Armada.Core/Models/WorkspaceCreateDirectoryRequest.cs,equal_normalized_text
src/Armada.Core/Models/WorkspaceDiffResult.cs,equal_normalized_text
src/Armada.Core/Models/WorkspaceExecRequest.cs,equal_normalized_text
src/Armada.Core/Models/WorkspaceExecResult.cs,equal_normalized_text
src/Armada.Core/Models/WorkspaceFileResponse.cs,equal_normalized_text
src/Armada.Core/Models/WorkspaceOperationResult.cs,equal_normalized_text
src/Armada.Core/Models/WorkspaceRenameRequest.cs,equal_normalized_text
src/Armada.Core/Models/WorkspaceSaveRequest.cs,equal_normalized_text
src/Armada.Core/Models/WorkspaceSaveResult.cs,equal_normalized_text
src/Armada.Core/Models/WorkspaceSearchMatch.cs,equal_normalized_text
src/Armada.Core/Models/WorkspaceSearchResult.cs,equal_normalized_text
src/Armada.Core/Models/WorkspaceStatusResult.cs,equal_normalized_text
src/Armada.Core/Models/WorkspaceTreeEntry.cs,equal_normalized_text
src/Armada.Core/Models/WorkspaceTreeResult.cs,equal_normalized_text
src/Armada.Core/Models/WsBroadcast.cs,equal_normalized_text
src/Armada.Core/Models/WsCommandResult.cs,equal_normalized_text
src/Armada.Core/PersonaCatalog.cs,diverged
src/Armada.Core/ProcessSupervisor.cs,equal_normalized_text
src/Armada.Core/Recovery/MergeFailureClassifier.cs,fork_only
src/Armada.Core/Recovery/MergeRecoveryHandler.cs,fork_only
src/Armada.Core/Recovery/RebaseCaptainDockSetup.cs,fork_only
src/Armada.Core/Recovery/RebaseCaptainPlaybookContent.cs,fork_only
src/Armada.Core/Recovery/RecoveryRouter.cs,fork_only
src/Armada.Core/RemoteTunnelAuth.cs,equal_normalized_text
src/Armada.Core/RemoteTunnelProtocol.cs,equal_normalized_text
src/Armada.Core/Services/AdmiralService.cs,diverged
src/Armada.Core/Services/AdmissionDecision.cs,equal_normalized_text
src/Armada.Core/Services/AgentWakeProcessHost.cs,fork_only
src/Armada.Core/Services/ArchitectOutputParser.cs,fork_only
src/Armada.Core/Services/ArchitectPersonaSyncService.cs,fork_only
src/Armada.Core/Services/ArmadaMcpConfigBuilder.cs,equal_normalized_text
src/Armada.Core/Services/AskArmadaService.cs,diverged
src/Armada.Core/Services/AuthenticationService.cs,diverged
src/Armada.Core/Services/AuthorizationService.cs,equal_normalized_text
src/Armada.Core/Services/AutoLandDecision.cs,equal_normalized_text
src/Armada.Core/Services/AutoLandEvaluator.cs,fork_only
src/Armada.Core/Services/AutoLandPolicy.cs,equal_normalized_text
src/Armada.Core/Services/AutoLandPredicate.cs,upstream_only
src/Armada.Core/Services/AutonomousObjectiveSelector.cs,fork_only
src/Armada.Core/Services/BoundaryFinding.cs,equal_normalized_text
src/Armada.Core/Services/BranchCleanupSweepService.cs,fork_only
src/Armada.Core/Services/BuildDriftEvaluator.cs,fork_only
src/Armada.Core/Services/BuildDriftService.cs,fork_only
src/Armada.Core/Services/CSharpSymbolExtractor.cs,fork_only
src/Armada.Core/Services/CaptainHealthMonitor.cs,fork_only
src/Armada.Core/Services/CaptainLaunchIsolationPlan.cs,diverged
src/Armada.Core/Services/CaptainLaunchIsolationPlanner.cs,diverged
src/Armada.Core/Services/CaptainQuarantineService.cs,fork_only
src/Armada.Core/Services/CaptainRuntimeOptions.cs,diverged
src/Armada.Core/Services/CaptainService.cs,diverged
src/Armada.Core/Services/CaptainTierSelector.cs,diverged
src/Armada.Core/Services/CascadeCleanup.cs,equal_normalized_text
src/Armada.Core/Services/ChangeSubstanceClassifier.cs,fork_only
src/Armada.Core/Services/ChatTurnMetricsBuilder.cs,equal_normalized_text
src/Armada.Core/Services/CheckRunGateRules.cs,fork_only
src/Armada.Core/Services/CheckRunParsingService.cs,diverged
src/Armada.Core/Services/CheckRunService.cs,diverged
src/Armada.Core/Services/CodeIndexRefreshScheduler.cs,fork_only
src/Armada.Core/Services/CodeIndexService.cs,fork_only
src/Armada.Core/Services/ConsumerVesselResolver.cs,fork_only
src/Armada.Core/Services/ConventionChecker.cs,fork_only
src/Armada.Core/Services/CriticalTriggerEvaluator.cs,fork_only
src/Armada.Core/Services/DataExpiryService.cs,diverged
src/Armada.Core/Services/DeepSeekEmbeddingClient.cs,fork_only
src/Armada.Core/Services/DeepSeekInferenceClient.cs,fork_only
src/Armada.Core/Services/DeferredFactsParser.cs,fork_only
src/Armada.Core/Services/DefinitionOfDoneClassifier.cs,upstream_only
src/Armada.Core/Services/DefinitionOfDoneFailureClassifier.cs,fork_only
src/Armada.Core/Services/DefinitionOfDoneGate.cs,diverged
src/Armada.Core/Services/DefinitionOfDoneResult.cs,upstream_only
src/Armada.Core/Services/DeploymentEnvironmentService.cs,diverged
src/Armada.Core/Services/DeploymentService.cs,diverged
src/Armada.Core/Services/DiffPathExtractor.cs,fork_only
src/Armada.Core/Services/DiskLifecycleService.cs,fork_only
src/Armada.Core/Services/DispatchHold.cs,fork_only
src/Armada.Core/Services/DispatchHoldSnapshot.cs,fork_only
src/Armada.Core/Services/DispatchValidationResult.cs,upstream_only
src/Armada.Core/Services/DockBoundaryConfig.cs,fork_only
src/Armada.Core/Services/DockBoundaryPolicy.cs,equal_normalized_text
src/Armada.Core/Services/DockBoundaryScanner.cs,diverged
src/Armada.Core/Services/DockLeaseRegistry.cs,fork_only
src/Armada.Core/Services/DockService.cs,diverged
src/Armada.Core/Services/DockerCliContainerRuntimeProbe.cs,fork_only
src/Armada.Core/Services/EntityResolver.cs,equal_normalized_text
src/Armada.Core/Services/EscalationService.cs,diverged
src/Armada.Core/Services/FleetCapacityAdmission.cs,fork_only
src/Armada.Core/Services/FleetCapacityAdmissionException.cs,fork_only
src/Armada.Core/Services/FleetCapacityReservation.cs,fork_only
src/Armada.Core/Services/FleetReconciliationSnapshotService.cs,fork_only
src/Armada.Core/Services/FormattedLogLine.cs,equal_normalized_text
src/Armada.Core/Services/GhPullRequestService.cs,fork_only
src/Armada.Core/Services/GitAnchorInputs.cs,upstream_only
src/Armada.Core/Services/GitAnchorsFormatter.cs,diverged
src/Armada.Core/Services/GitHubIntegrationService.cs,diverged
src/Armada.Core/Services/GitInference.cs,equal_normalized_text
src/Armada.Core/Services/GitProcessTimeouts.cs,fork_only
src/Armada.Core/Services/GitService.cs,diverged
src/Armada.Core/Services/GlabPullRequestService.cs,fork_only
src/Armada.Core/Services/HarborConnection.cs,upstream_only
src/Armada.Core/Services/HarborConnectionManager.cs,upstream_only
src/Armada.Core/Services/HarborJobHandle.cs,upstream_only
src/Armada.Core/Services/HarborLinkClient.cs,upstream_only
src/Armada.Core/Services/HarborLogDirection.cs,upstream_only
src/Armada.Core/Services/HarborLogEntry.cs,upstream_only
src/Armada.Core/Services/HarborRouter.cs,upstream_only
src/Armada.Core/Services/HarborRoutingDecision.cs,upstream_only
src/Armada.Core/Services/HarborRoutingRequest.cs,upstream_only
src/Armada.Core/Services/HarborSendDelegate.cs,upstream_only
src/Armada.Core/Services/HarborService.cs,upstream_only
src/Armada.Core/Services/HistoricalTimelineService.cs,equal_normalized_text
src/Armada.Core/Services/HostCommandRequest.cs,upstream_only
src/Armada.Core/Services/HostCommandResult.cs,upstream_only
src/Armada.Core/Services/HostResourcePressureProbe.cs,fork_only
src/Armada.Core/Services/HostWideCommandLock.cs,fork_only
src/Armada.Core/Services/IHarborJobListener.cs,upstream_only
src/Armada.Core/Services/IHarborJobRunner.cs,upstream_only
src/Armada.Core/Services/IHarborTransport.cs,upstream_only
src/Armada.Core/Services/IHostCommandExecutor.cs,upstream_only
src/Armada.Core/Services/InboxService.cs,diverged
src/Armada.Core/Services/IncidentService.cs,diverged
src/Armada.Core/Services/Interfaces/IAdmiralService.cs,diverged
src/Armada.Core/Services/Interfaces/IAgentWakeProcessHost.cs,fork_only
src/Armada.Core/Services/Interfaces/IArchitectOutputParser.cs,fork_only
src/Armada.Core/Services/Interfaces/IAuthenticationService.cs,equal_normalized_text
src/Armada.Core/Services/Interfaces/IAuthorizationService.cs,equal_normalized_text
src/Armada.Core/Services/Interfaces/IAutoLandEvaluator.cs,fork_only
src/Armada.Core/Services/Interfaces/IBranchInventory.cs,fork_only
src/Armada.Core/Services/Interfaces/IBuildDriftService.cs,fork_only
src/Armada.Core/Services/Interfaces/ICaptainHealthMonitor.cs,fork_only
src/Armada.Core/Services/Interfaces/ICaptainQuarantineService.cs,fork_only
src/Armada.Core/Services/Interfaces/ICaptainQuotaProbe.cs,fork_only
src/Armada.Core/Services/Interfaces/ICaptainService.cs,equal_normalized_text
src/Armada.Core/Services/Interfaces/ICodeIndexService.cs,fork_only
src/Armada.Core/Services/Interfaces/IContainerRuntimeProbe.cs,fork_only
src/Armada.Core/Services/Interfaces/IConventionChecker.cs,fork_only
src/Armada.Core/Services/Interfaces/ICriticalTriggerEvaluator.cs,fork_only
src/Armada.Core/Services/Interfaces/IDefinitionOfDoneGate.cs,upstream_only
src/Armada.Core/Services/Interfaces/IDockService.cs,diverged
src/Armada.Core/Services/Interfaces/IEmbeddingClient.cs,fork_only
src/Armada.Core/Services/Interfaces/IEscalationService.cs,equal_normalized_text
src/Armada.Core/Services/Interfaces/IGitService.cs,diverged
src/Armada.Core/Services/Interfaces/IInferenceClient.cs,fork_only
src/Armada.Core/Services/Interfaces/ILandingService.cs,diverged
src/Armada.Core/Services/Interfaces/IMergeFailureClassifier.cs,fork_only
src/Armada.Core/Services/Interfaces/IMergeQueueService.cs,diverged
src/Armada.Core/Services/Interfaces/IMergeRecoveryHandler.cs,fork_only
src/Armada.Core/Services/Interfaces/IMessageTemplateService.cs,equal_normalized_text
src/Armada.Core/Services/Interfaces/IMissionService.cs,diverged
src/Armada.Core/Services/Interfaces/IObjectiveDispatchPreviewService.cs,fork_only
src/Armada.Core/Services/Interfaces/IPlaybookService.cs,equal_normalized_text
src/Armada.Core/Services/Interfaces/IPromptTemplateService.cs,equal_normalized_text
src/Armada.Core/Services/Interfaces/IPullRequestService.cs,fork_only
src/Armada.Core/Services/Interfaces/IPullRequestServiceModels.cs,fork_only
src/Armada.Core/Services/Interfaces/IRebaseCaptainDockSetup.cs,fork_only
src/Armada.Core/Services/Interfaces/IRecoveryRouter.cs,fork_only
src/Armada.Core/Services/Interfaces/IReflectionMemoryBootstrapService.cs,fork_only
src/Armada.Core/Services/Interfaces/IReflectionMemoryService.cs,fork_only
src/Armada.Core/Services/Interfaces/IReflectionOutputParser.cs,fork_only
src/Armada.Core/Services/Interfaces/IReleaseWebhookDispatcher.cs,fork_only
src/Armada.Core/Services/Interfaces/IRemoteTriggerHttpClient.cs,fork_only
src/Armada.Core/Services/Interfaces/IRemoteTriggerService.cs,fork_only
src/Armada.Core/Services/Interfaces/IResourcePressureAdmission.cs,fork_only
src/Armada.Core/Services/Interfaces/IResourcePressureProbe.cs,fork_only
src/Armada.Core/Services/Interfaces/ISelfDeployBuildRunner.cs,fork_only
src/Armada.Core/Services/Interfaces/ISelfDeployService.cs,fork_only
src/Armada.Core/Services/Interfaces/ISelfDeploySupervisor.cs,fork_only
src/Armada.Core/Services/Interfaces/ISessionTokenService.cs,equal_normalized_text
src/Armada.Core/Services/Interfaces/ISlotManager.cs,upstream_only
src/Armada.Core/Services/Interfaces/ISystemResourceProbe.cs,equal_normalized_text
src/Armada.Core/Services/Interfaces/IVoyageService.cs,equal_normalized_text
src/Armada.Core/Services/Interfaces/IWorkspaceService.cs,equal_normalized_text
src/Armada.Core/Services/IsolationConfigFile.cs,equal_normalized_text
src/Armada.Core/Services/JobService.cs,equal_normalized_text
src/Armada.Core/Services/JobStateMachine.cs,equal_normalized_text
src/Armada.Core/Services/JudgeContract.cs,upstream_only
src/Armada.Core/Services/JudgeFollowUpBackfillService.cs,fork_only
src/Armada.Core/Services/JudgeFollowUpService.cs,fork_only
src/Armada.Core/Services/JudgeOutputParser.cs,fork_only
src/Armada.Core/Services/LandingPreviewService.cs,equal_normalized_text
src/Armada.Core/Services/LandingService.cs,diverged
src/Armada.Core/Services/LeadCycleCoordinator.cs,fork_only
src/Armada.Core/Services/LocalHostCommandExecutor.cs,upstream_only
src/Armada.Core/Services/LogRotationService.cs,diverged
src/Armada.Core/Services/MemoryService.cs,upstream_only
src/Armada.Core/Services/MergeQueueService.cs,diverged
src/Armada.Core/Services/MessageTemplateService.cs,diverged
src/Armada.Core/Services/MissionAliasResolver.cs,fork_only
src/Armada.Core/Services/MissionFailureClassifier.cs,upstream_only
src/Armada.Core/Services/MissionModeContract.cs,upstream_only
src/Armada.Core/Services/MissionOutputArtifact.cs,fork_only
src/Armada.Core/Services/MissionPromptBuilder.cs,diverged
src/Armada.Core/Services/MissionRecoveryCoordinator.cs,upstream_only
src/Armada.Core/Services/MissionRestartService.cs,fork_only
src/Armada.Core/Services/MissionService.cs,diverged
src/Armada.Core/Services/MissionStateMachine.cs,diverged
src/Armada.Core/Services/MissionSubjectExtractor.cs,fork_only
src/Armada.Core/Services/ModelEndpointClientFactory.cs,upstream_only
src/Armada.Core/Services/ModelEndpointService.cs,upstream_only
src/Armada.Core/Services/ModelProviderResolver.cs,fork_only
src/Armada.Core/Services/MuxCliService.cs,diverged
src/Armada.Core/Services/MuxCommandBuilder.cs,diverged
src/Armada.Core/Services/NoOpCompletionDetector.cs,equal_normalized_text
src/Armada.Core/Services/NotificationService.cs,equal_normalized_text
src/Armada.Core/Services/ObjectiveAlreadyDispatchedException.cs,fork_only
src/Armada.Core/Services/ObjectiveBriefRenderer.cs,fork_only
src/Armada.Core/Services/ObjectiveDependencyAnalyzer.cs,fork_only
src/Armada.Core/Services/ObjectiveDispatchAdmission.cs,fork_only
src/Armada.Core/Services/ObjectiveDispatchPreviewService.cs,fork_only
src/Armada.Core/Services/ObjectiveFairShareOrder.cs,fork_only
src/Armada.Core/Services/ObjectiveService.cs,diverged
src/Armada.Core/Services/OpenCodeCommandBuilder.cs,equal_normalized_text
src/Armada.Core/Services/OpenCodeConnection.cs,fork_only
src/Armada.Core/Services/OpenCodePermissionConfigBuilder.cs,fork_only
src/Armada.Core/Services/OpenCodeProviderConfigBuilder.cs,fork_only
src/Armada.Core/Services/OpenCodeServerInferenceClient.cs,fork_only
src/Armada.Core/Services/OpenCodeServerLauncher.cs,fork_only
src/Armada.Core/Services/OriginUrlParser.cs,fork_only
src/Armada.Core/Services/PapercutParser.cs,diverged
src/Armada.Core/Services/PapercutService.cs,equal_normalized_text
src/Armada.Core/Services/PersonaSeedService.cs,diverged
src/Armada.Core/Services/PlaybookService.cs,diverged
src/Armada.Core/Services/PolyglotSymbolExtractor.cs,fork_only
src/Armada.Core/Services/PreferredModelTierSelector.cs,fork_only
src/Armada.Core/Services/PrestagedFileCopier.cs,fork_only
src/Armada.Core/Services/PrestagedFileValidator.cs,fork_only
src/Armada.Core/Services/ProgressParser.cs,equal_normalized_text
src/Armada.Core/Services/ProjectProfileService.cs,equal_normalized_text
src/Armada.Core/Services/PromptModuleLedger.cs,fork_only
src/Armada.Core/Services/PromptTemplateService.cs,diverged
src/Armada.Core/Services/ProtectedPathsValidator.cs,fork_only
src/Armada.Core/Services/ProviderProgressTracker.cs,fork_only
src/Armada.Core/Services/ProviderQuotaLimitDetector.cs,fork_only
src/Armada.Core/Services/ProviderResetParser.cs,upstream_only
src/Armada.Core/Services/ProviderResetQuotaProbe.cs,fork_only
src/Armada.Core/Services/ReadContextStager.cs,fork_only
src/Armada.Core/Services/ReasoningEffortTranslator.cs,equal_normalized_text
src/Armada.Core/Services/RebuildException.cs,upstream_only
src/Armada.Core/Services/ReflectionMemoryBootstrapService.cs,fork_only
src/Armada.Core/Services/ReflectionMemoryService.cs,fork_only
src/Armada.Core/Services/ReleaseService.cs,diverged
src/Armada.Core/Services/ReleaseWebhookDispatcher.cs,fork_only
src/Armada.Core/Services/RemoteHostCommandExecutor.cs,upstream_only
src/Armada.Core/Services/RemoteTriggerHttpClient.cs,fork_only
src/Armada.Core/Services/RemoteTriggerService.cs,fork_only
src/Armada.Core/Services/RequestHistoryCaptureService.cs,diverged
src/Armada.Core/Services/RequestHistorySummaryBuilder.cs,diverged
src/Armada.Core/Services/RescueEffectivenessEvaluator.cs,fork_only
src/Armada.Core/Services/RescueMissionMarker.cs,fork_only
src/Armada.Core/Services/ResolvedModelProvider.cs,fork_only
src/Armada.Core/Services/ResourceAdmission.cs,equal_normalized_text
src/Armada.Core/Services/ResourcePressureAdmission.cs,fork_only
src/Armada.Core/Services/RunbookService.cs,diverged
src/Armada.Core/Services/RuntimeDetectionService.cs,diverged
src/Armada.Core/Services/RuntimeFailureClassifier.cs,equal_normalized_text
src/Armada.Core/Services/RuntimeLogFormatter.cs,diverged
src/Armada.Core/Services/SecretRedactor.cs,upstream_only
src/Armada.Core/Services/SelfDeployBuildRunner.cs,fork_only
src/Armada.Core/Services/SelfDeployService.cs,fork_only
src/Armada.Core/Services/SelfDeploySupervisor.cs,fork_only
src/Armada.Core/Services/SessionTokenService.cs,equal_normalized_text
src/Armada.Core/Services/SiblingLaneAdmission.cs,fork_only
src/Armada.Core/Services/SiblingLeaseRegistry.cs,fork_only
src/Armada.Core/Services/SlotManager.cs,upstream_only
src/Armada.Core/Services/StageBaseVerifier.cs,fork_only
src/Armada.Core/Services/StageResult.cs,fork_only
src/Armada.Core/Services/StaleCheckSupersessionService.cs,fork_only
src/Armada.Core/Services/StalePauseRule.cs,fork_only
src/Armada.Core/Services/StartFromRefMissingException.cs,fork_only
src/Armada.Core/Services/SystemResourceProbe.cs,equal_normalized_text
src/Armada.Core/Services/TestOwnershipResolver.cs,fork_only
src/Armada.Core/Services/TokenUsageCapture.cs,equal_normalized_text
src/Armada.Core/Services/TokenUsageCompatibility.cs,fork_only
src/Armada.Core/Services/TokenUsageSummaryBuilder.cs,diverged
src/Armada.Core/Services/UnlandedBranchService.cs,fork_only
src/Armada.Core/Services/VerifiedProductionSummaryService.cs,fork_only
src/Armada.Core/Services/VesselLaneMap.cs,fork_only
src/Armada.Core/Services/VesselReadinessService.cs,diverged
src/Armada.Core/Services/VoyageCancellation.cs,fork_only
src/Armada.Core/Services/VoyageCheckArmingPlan.cs,fork_only
src/Armada.Core/Services/VoyageCheckArmingService.cs,fork_only
src/Armada.Core/Services/VoyageReportOnlyClassifier.cs,fork_only
src/Armada.Core/Services/VoyageService.cs,diverged
src/Armada.Core/Services/WebSocketHarborTransport.cs,upstream_only
src/Armada.Core/Services/WorkflowProfileService.cs,equal_normalized_text
src/Armada.Core/Services/WorkspaceConflictException.cs,equal_normalized_text
src/Armada.Core/Services/WorkspaceService.cs,diverged
src/Armada.Core/Settings/AdditionalPersonaSettings.cs,fork_only
src/Armada.Core/Settings/AdditionalPipelineSettings.cs,fork_only
src/Armada.Core/Settings/AdditionalPipelineStageSettings.cs,fork_only
src/Armada.Core/Settings/AdditionalPromptTemplateSettings.cs,fork_only
src/Armada.Core/Settings/AgentSettings.cs,equal_normalized_text
src/Armada.Core/Settings/AgentWakeDeliveryModeConverter.cs,fork_only
src/Armada.Core/Settings/AgentWakeSettings.cs,fork_only
src/Armada.Core/Settings/ArchitectSettings.cs,fork_only
src/Armada.Core/Settings/ArmadaSettings.cs,diverged
src/Armada.Core/Settings/AutonomousObjectiveSchedulerSettings.cs,fork_only
src/Armada.Core/Settings/AutonomousRecoverySettings.cs,fork_only
src/Armada.Core/Settings/CaptainQuarantineSettings.cs,fork_only
src/Armada.Core/Settings/CdWebhookSettings.cs,fork_only
src/Armada.Core/Settings/CodeIndexSettings.cs,fork_only
src/Armada.Core/Settings/CrashLoopDetectionSettings.cs,fork_only
src/Armada.Core/Settings/DatabaseSettings.cs,equal_normalized_text
src/Armada.Core/Settings/DefinitionOfDoneSettings.cs,fork_only
src/Armada.Core/Settings/DiskLifecycleSettings.cs,fork_only
src/Armada.Core/Settings/DockBoundarySettings.cs,fork_only
src/Armada.Core/Settings/EscalationRule.cs,equal_normalized_text
src/Armada.Core/Settings/GrokLeadSettings.cs,fork_only
src/Armada.Core/Settings/HarborServerSettings.cs,upstream_only
src/Armada.Core/Settings/IncidentLifecycleSettings.cs,fork_only
src/Armada.Core/Settings/MessageTemplateSettings.cs,equal_normalized_text
src/Armada.Core/Settings/ModelCapabilityProfile.cs,fork_only
src/Armada.Core/Settings/ModelFamilyClassificationRule.cs,fork_only
src/Armada.Core/Settings/ModelProviderSettings.cs,fork_only
src/Armada.Core/Settings/ModelProvidersSettings.cs,fork_only
src/Armada.Core/Settings/ModelTierSettings.cs,fork_only
src/Armada.Core/Settings/OpenCodeServerSettings.cs,fork_only
src/Armada.Core/Settings/RemoteControlSettings.cs,equal_normalized_text
src/Armada.Core/Settings/RemoteTriggerSettings.cs,fork_only
src/Armada.Core/Settings/ResourcePressureAdmissionSettings.cs,fork_only
src/Armada.Core/Settings/RestSettings.cs,equal_normalized_text
src/Armada.Core/Settings/SelfDeploySettings.cs,fork_only
src/Armada.Core/Settings/TelemetrySettings.cs,equal_normalized_text
src/Armada.Core/Settings/VoyageCheckArmingSettings.cs,fork_only
src/Armada.Core/Settings/VoyageDispatchSettings.cs,fork_only
src/Armada.Server/AgentLifecycleHandler.cs,diverged
src/Armada.Server/ArmadaServer.cs,diverged
src/Armada.Server/ArmadaTelemetryHost.cs,diverged
src/Armada.Server/AutomaticCheckRunOrchestrator.cs,fork_only
src/Armada.Server/AutonomousObjectiveScheduler.cs,fork_only
src/Armada.Server/AutonomousRecoveryOrchestrator.cs,fork_only
src/Armada.Server/BoundedTextBuffer.cs,equal_normalized_text
src/Armada.Server/BuildInfo.cs,fork_only
src/Armada.Server/CaptainChatService.cs,diverged
src/Armada.Server/CaptainRuntimeToolCatalogService.cs,diverged
src/Armada.Server/CaptainToolService.cs,diverged
src/Armada.Server/CoordinationService.cs,fork_only
src/Armada.Server/Dashboard/StaticFileHandler.cs,diverged
src/Armada.Server/HarborLinkEndpoint.cs,upstream_only
src/Armada.Server/IncidentLifecycleOrchestrator.cs,fork_only
src/Armada.Server/LeadModeUpdateRequest.cs,fork_only
src/Armada.Server/LongRunningJob.cs,fork_only
src/Armada.Server/LongRunningJobService.cs,fork_only
src/Armada.Server/LongRunningJobStatusEnum.cs,fork_only
src/Armada.Server/Mcp/AgentWakeSessionArgs.cs,fork_only
src/Armada.Server/Mcp/ArmadaMcpHttpServer.cs,fork_only
src/Armada.Server/Mcp/ArmadaMcpStdioServer.cs,fork_only
src/Armada.Server/Mcp/BackupArgs.cs,diverged
src/Armada.Server/Mcp/CaptainBenchArgs.cs,fork_only
src/Armada.Server/Mcp/CaptainCreateArgs.cs,diverged
src/Armada.Server/Mcp/CaptainIdArgs.cs,equal_normalized_text
src/Armada.Server/Mcp/CaptainLogArgs.cs,equal_normalized_text
src/Armada.Server/Mcp/CaptainUpdateArgs.cs,diverged
src/Armada.Server/Mcp/CheckRunIdArgs.cs,diverged
src/Armada.Server/Mcp/DeleteMultipleArgs.cs,equal_normalized_text
src/Armada.Server/Mcp/DeploymentIdArgs.cs,equal_normalized_text
src/Armada.Server/Mcp/DockIdArgs.cs,equal_normalized_text
src/Armada.Server/Mcp/EnumerateArgs.cs,diverged
src/Armada.Server/Mcp/EventIdArgs.cs,equal_normalized_text
src/Armada.Server/Mcp/EventListArgs.cs,equal_normalized_text
src/Armada.Server/Mcp/FleetCreateArgs.cs,equal_normalized_text
src/Armada.Server/Mcp/FleetIdArgs.cs,equal_normalized_text
src/Armada.Server/Mcp/FleetUpdateArgs.cs,diverged
src/Armada.Server/Mcp/GrokMcpOAuthBroker.cs,fork_only
src/Armada.Server/Mcp/GrokMcpToolRegistrar.cs,fork_only
src/Armada.Server/Mcp/HarborIdArgs.cs,upstream_only
src/Armada.Server/Mcp/HarborUpsertArgs.cs,upstream_only
src/Armada.Server/Mcp/LeadCycleBeginArgs.cs,fork_only
src/Armada.Server/Mcp/LeadCycleUpdateArgs.cs,fork_only
src/Armada.Server/Mcp/McpToolArgumentNormalizer.cs,fork_only
src/Armada.Server/Mcp/McpToolCallAudit.cs,fork_only
src/Armada.Server/Mcp/McpToolRegistrar.cs,diverged
src/Armada.Server/Mcp/MemoryIdArgs.cs,upstream_only
src/Armada.Server/Mcp/MemorySearchArgs.cs,upstream_only
src/Armada.Server/Mcp/MemoryUpdateArgs.cs,upstream_only
src/Armada.Server/Mcp/MemoryUpsertArgs.cs,upstream_only
src/Armada.Server/Mcp/MergeEnqueueArgs.cs,equal_normalized_text
src/Armada.Server/Mcp/MergeEntryIdArgs.cs,equal_normalized_text
src/Armada.Server/Mcp/MissionCreateArgs.cs,diverged
src/Armada.Server/Mcp/MissionIdArgs.cs,equal_normalized_text
src/Armada.Server/Mcp/MissionLogArgs.cs,diverged
src/Armada.Server/Mcp/MissionOutputArgs.cs,fork_only
src/Armada.Server/Mcp/MissionRestartArgs.cs,equal_normalized_text
src/Armada.Server/Mcp/MissionRetryLandingArgs.cs,equal_normalized_text
src/Armada.Server/Mcp/MissionTransitionArgs.cs,equal_normalized_text
src/Armada.Server/Mcp/MissionUpdateArgs.cs,diverged
src/Armada.Server/Mcp/ModelEndpointIdArgs.cs,upstream_only
src/Armada.Server/Mcp/ModelEndpointUpsertArgs.cs,upstream_only
src/Armada.Server/Mcp/ObjectiveDispatchPreviewArgs.cs,fork_only
src/Armada.Server/Mcp/ObjectiveIdArgs.cs,diverged
src/Armada.Server/Mcp/PapercutListArgs.cs,equal_normalized_text
src/Armada.Server/Mcp/PersonaArgs.cs,diverged
src/Armada.Server/Mcp/PipelineArgs.cs,diverged
src/Armada.Server/Mcp/PlaybookArgs.cs,equal_normalized_text
src/Armada.Server/Mcp/PromptTemplateArgs.cs,diverged
src/Armada.Server/Mcp/PurgeMergeEntriesArgs.cs,equal_normalized_text
src/Armada.Server/Mcp/PurgeMergeQueueArgs.cs,equal_normalized_text
src/Armada.Server/Mcp/ReleaseIdArgs.cs,equal_normalized_text
src/Armada.Server/Mcp/RestoreArgs.cs,diverged
src/Armada.Server/Mcp/RunbookExecutionIdArgs.cs,equal_normalized_text
src/Armada.Server/Mcp/RunbookIdArgs.cs,equal_normalized_text
src/Armada.Server/Mcp/SignalSendArgs.cs,equal_normalized_text
src/Armada.Server/Mcp/StatusFilterArgs.cs,equal_normalized_text
src/Armada.Server/Mcp/TokenUsageSummaryArgs.cs,equal_normalized_text
src/Armada.Server/Mcp/Tools/CodeContextTimeouts.cs,fork_only
src/Armada.Server/Mcp/Tools/CodeIndexDispatchGuard.cs,fork_only
src/Armada.Server/Mcp/Tools/McpAgentWakeTools.cs,fork_only
src/Armada.Server/Mcp/Tools/McpArchitectTools.cs,fork_only
src/Armada.Server/Mcp/Tools/McpAuditTools.cs,fork_only
src/Armada.Server/Mcp/Tools/McpBackupTools.cs,diverged
src/Armada.Server/Mcp/Tools/McpCaptainDiagnosticsTools.cs,fork_only
src/Armada.Server/Mcp/Tools/McpCaptainTools.cs,diverged
src/Armada.Server/Mcp/Tools/McpCdWebhookTools.cs,fork_only
src/Armada.Server/Mcp/Tools/McpCheckRunTools.cs,diverged
src/Armada.Server/Mcp/Tools/McpCodeIndexTools.cs,fork_only
src/Armada.Server/Mcp/Tools/McpCoordinationTools.cs,fork_only
src/Armada.Server/Mcp/Tools/McpDeploymentTools.cs,diverged
src/Armada.Server/Mcp/Tools/McpDiskLifecycleTools.cs,fork_only
src/Armada.Server/Mcp/Tools/McpDockTools.cs,diverged
src/Armada.Server/Mcp/Tools/McpEnumerateTools.cs,diverged
src/Armada.Server/Mcp/Tools/McpEnvironmentTools.cs,fork_only
src/Armada.Server/Mcp/Tools/McpEventTools.cs,diverged
src/Armada.Server/Mcp/Tools/McpFleetTools.cs,diverged
src/Armada.Server/Mcp/Tools/McpHarborTools.cs,upstream_only
src/Armada.Server/Mcp/Tools/McpInboxTools.cs,diverged
src/Armada.Server/Mcp/Tools/McpIncidentTools.cs,fork_only
src/Armada.Server/Mcp/Tools/McpLeadCycleTools.cs,fork_only
src/Armada.Server/Mcp/Tools/McpLongRunningJobTools.cs,fork_only
src/Armada.Server/Mcp/Tools/McpMemoryTools.cs,upstream_only
src/Armada.Server/Mcp/Tools/McpMergeQueueTools.cs,diverged
src/Armada.Server/Mcp/Tools/McpMissionTools.cs,diverged
src/Armada.Server/Mcp/Tools/McpModelEndpointTools.cs,upstream_only
src/Armada.Server/Mcp/Tools/McpObjectiveSchedulerTools.cs,fork_only
src/Armada.Server/Mcp/Tools/McpObjectiveTools.cs,diverged
src/Armada.Server/Mcp/Tools/McpOperationalAssetTools.cs,fork_only
src/Armada.Server/Mcp/Tools/McpPapercutTools.cs,diverged
src/Armada.Server/Mcp/Tools/McpPersonaTools.cs,diverged
src/Armada.Server/Mcp/Tools/McpPipelineTools.cs,diverged
src/Armada.Server/Mcp/Tools/McpPlaybookTools.cs,diverged
src/Armada.Server/Mcp/Tools/McpProductionTools.cs,fork_only
src/Armada.Server/Mcp/Tools/McpPromptTemplateTools.cs,diverged
src/Armada.Server/Mcp/Tools/McpReflectionTools.cs,fork_only
src/Armada.Server/Mcp/Tools/McpReleaseTools.cs,diverged
src/Armada.Server/Mcp/Tools/McpResultPreview.cs,fork_only
src/Armada.Server/Mcp/Tools/McpRunbookTools.cs,diverged
src/Armada.Server/Mcp/Tools/McpSignalTools.cs,diverged
src/Armada.Server/Mcp/Tools/McpStatusTools.cs,diverged
src/Armada.Server/Mcp/Tools/McpTokenUsageTools.cs,equal_normalized_text
src/Armada.Server/Mcp/Tools/McpToolHelpers.cs,diverged
src/Armada.Server/Mcp/Tools/McpUnlandedBranchTools.cs,fork_only
src/Armada.Server/Mcp/Tools/McpVesselTools.cs,diverged
src/Armada.Server/Mcp/Tools/McpVoyageTools.cs,diverged
src/Armada.Server/Mcp/Tools/McpWorkflowProfileTools.cs,fork_only
src/Armada.Server/Mcp/UnlandedBranchArgs.cs,fork_only
src/Armada.Server/Mcp/VesselAddArgs.cs,diverged
src/Armada.Server/Mcp/VesselContextArgs.cs,diverged
src/Armada.Server/Mcp/VesselIdArgs.cs,equal_normalized_text
src/Armada.Server/Mcp/VesselUpdateArgs.cs,diverged
src/Armada.Server/Mcp/VoyageDispatchArgs.cs,diverged
src/Armada.Server/Mcp/VoyageIdArgs.cs,equal_normalized_text
src/Armada.Server/Mcp/VoyageStatusArgs.cs,diverged
src/Armada.Server/MissionLandingHandler.cs,diverged
src/Armada.Server/MissionOutcomeWakeHandler.cs,fork_only
src/Armada.Server/MissionRequest.cs,diverged
src/Armada.Server/MissionRestartRequest.cs,diverged
src/Armada.Server/ObjectiveRefinementCoordinator.cs,diverged
src/Armada.Server/PlanningSessionCoordinator.cs,diverged
src/Armada.Server/Program.cs,diverged
src/Armada.Server/ReflectionSweeper.cs,fork_only
src/Armada.Server/RemoteControlManagementService.cs,fork_only
src/Armada.Server/RemoteControlQueryService.cs,fork_only
src/Armada.Server/RemoteDashboardRelayService.cs,diverged
src/Armada.Server/RemoteTunnelManager.cs,diverged
src/Armada.Server/ReplacementProcessLauncher.cs,upstream_only
src/Armada.Server/Routes/AskRoutes.cs,diverged
src/Armada.Server/Routes/AuthRoutes.cs,equal_normalized_text
src/Armada.Server/Routes/BackupRoutes.cs,equal_normalized_text
src/Armada.Server/Routes/CaptainRoutes.cs,diverged
src/Armada.Server/Routes/CheckRunRoutes.cs,equal_normalized_text
src/Armada.Server/Routes/CodeIndexRoutes.cs,fork_only
src/Armada.Server/Routes/CoordinationRoutes.cs,fork_only
src/Armada.Server/Routes/DeploymentRoutes.cs,equal_normalized_text
src/Armada.Server/Routes/DockRoutes.cs,diverged
src/Armada.Server/Routes/EnvironmentRoutes.cs,equal_normalized_text
src/Armada.Server/Routes/EventRoutes.cs,diverged
src/Armada.Server/Routes/FleetRoutes.cs,diverged
src/Armada.Server/Routes/HarborRoutes.cs,upstream_only
src/Armada.Server/Routes/HistoryRoutes.cs,equal_normalized_text
src/Armada.Server/Routes/InboxRoutes.cs,diverged
src/Armada.Server/Routes/IncidentRoutes.cs,diverged
src/Armada.Server/Routes/JobRoutes.cs,equal_normalized_text
src/Armada.Server/Routes/LeadControlRoutes.cs,fork_only
src/Armada.Server/Routes/MemoryRoutes.cs,upstream_only
src/Armada.Server/Routes/MergeQueueRoutes.cs,diverged
src/Armada.Server/Routes/MissionRoutes.cs,diverged
src/Armada.Server/Routes/ModelEndpointRoutes.cs,upstream_only
src/Armada.Server/Routes/ObjectiveRefinementRoutes.cs,equal_normalized_text
src/Armada.Server/Routes/ObjectiveRoutes.cs,diverged
src/Armada.Server/Routes/PersonaRoutes.cs,diverged
src/Armada.Server/Routes/PipelineRoutes.cs,diverged
src/Armada.Server/Routes/PlanningSessionRoutes.cs,diverged
src/Armada.Server/Routes/PlaybookRoutes.cs,diverged
src/Armada.Server/Routes/ProductionRoutes.cs,fork_only
src/Armada.Server/Routes/ProjectProfileRoutes.cs,diverged
src/Armada.Server/Routes/PromptTemplateRoutes.cs,diverged
src/Armada.Server/Routes/ReleaseRoutes.cs,diverged
src/Armada.Server/Routes/RequestHistoryRoutes.cs,equal_normalized_text
src/Armada.Server/Routes/RunbookRoutes.cs,diverged
src/Armada.Server/Routes/RuntimeRoutes.cs,equal_normalized_text
src/Armada.Server/Routes/SignalRoutes.cs,diverged
src/Armada.Server/Routes/SkillRoutes.cs,diverged
src/Armada.Server/Routes/StatusRoutes.cs,diverged
src/Armada.Server/Routes/TenantRoutes.cs,equal_normalized_text
src/Armada.Server/Routes/TokenUsageRoutes.cs,diverged
src/Armada.Server/Routes/VesselRoutes.cs,diverged
src/Armada.Server/Routes/VoyageRoutes.cs,diverged
src/Armada.Server/Routes/WorkflowProfileRoutes.cs,diverged
src/Armada.Server/Routes/WorkspaceRoutes.cs,diverged
src/Armada.Server/ServerRebuildRequest.cs,upstream_only
src/Armada.Server/ServerRebuildService.cs,upstream_only
src/Armada.Server/SettingsFileWatcher.cs,fork_only
src/Armada.Server/SettingsUpdateRequest.cs,diverged
src/Armada.Server/SharedVoyageDispatchRequest.cs,fork_only
src/Armada.Server/StatusTransitionRequest.cs,diverged
src/Armada.Server/UserUpsertRequest.cs,equal_normalized_text
src/Armada.Server/VesselBuildContextRequest.cs,equal_normalized_text
src/Armada.Server/VesselContextService.cs,diverged
src/Armada.Server/VoyageDispatchResult.cs,fork_only
src/Armada.Server/VoyageDispatchService.cs,fork_only
src/Armada.Server/VoyageRequest.cs,diverged
src/Armada.Server/WatsonCompat.cs,diverged
src/Armada.Server/WebSocket/ArmadaWebSocketHub.cs,diverged
src/Armada.Server/WebSocket/MissionRestartData.cs,equal_normalized_text
src/Armada.Server/WebSocket/WebSocketClientOutputQueue.cs,fork_only
src/Armada.Server/WebSocket/WebSocketCommand.cs,equal_normalized_text
src/Armada.Server/WebSocket/WebSocketCommandHandler.cs,diverged
src/Armada.Server/WebSocket/WebSocketDataCommand.cs,equal_normalized_text
src/Armada.Server/WebSocket/WebSocketEventEnvelope.cs,fork_only
src/Armada.Server/WebSocket/WebSocketReplayBuffer.cs,fork_only
src/Armada.Server/WebSocket/WebSocketSubscribeRequest.cs,fork_only
src/Armada.Server/WebSocket/WebSocketVoyageData.cs,equal_normalized_text
